type,audubon,non-audubon,occurences,ratio,percentage
pidgey,514,15318,15832,0.032465892,3.25%
bulbasaur,8,205,213,0.037558685,3.76%
eevee,129,2097,2226,0.057951482,5.70%
poliwag,16,498,514,0.031128405,3.11%
squirtle,370,170,477,0.775681342,77.57%
